{"is_source_file": true, "format": "Python", "description": "Main FastAPI application for the notes backend, handling CRUD endpoints and health checks, with SQLite database interaction.", "external_files": ["src.api.db", "src.api.models"], "external_methods": ["fetch_one_note", "get_connection", "init_db"], "published": ["app"], "classes": [], "methods": [{"name": "health_check()", "description": "Basic service health check endpoint.", "scope": "", "scopeKind": ""}, {"name": "NoteOut create_note(payload: NoteCreate)", "description": "Endpoint to create a new note.", "scope": "", "scopeKind": ""}, {"name": "List[NoteOut] list_notes()", "description": "Endpoint to list all notes.", "scope": "", "scopeKind": ""}, {"name": "NoteOut get_note(note_id: int)", "description": "Endpoint to retrieve a specific note by ID.", "scope": "", "scopeKind": ""}, {"name": "NoteOut update_note(note_id: int, payload: NoteUpdate)", "description": "Endpoint to update an existing note.", "scope": "", "scopeKind": ""}, {"name": "Response delete_note(note_id: int)", "description": "Endpoint to delete a note by ID.", "scope": "", "scopeKind": ""}], "calls": ["get_connection", "fetch_one_note", "init_db"], "search-terms": ["FastAPI", "SQLite", "notes API", "CRUD endpoints", "health check", "src.api.models", "src.api.db"], "state": 2, "file_id": 4, "knowledge_revision": 14, "git_revision": "92cf9f078fb26789d80c4be2d442dd96ba802e12", "revision_history": [{"8": "92cf9f078fb26789d80c4be2d442dd96ba802e12"}, {"14": "92cf9f078fb26789d80c4be2d442dd96ba802e12"}], "ctags": [{"_type": "tag", "name": "app", "path": "/home/kavia/workspace/code-generation/simple-notes-app-216695-216705/notes_backend/src/api/main.py", "pattern": "/^app = FastAPI($/", "language": "Python", "kind": "variable"}, {"_type": "tag", "name": "create_note", "path": "/home/kavia/workspace/code-generation/simple-notes-app-216695-216705/notes_backend/src/api/main.py", "pattern": "/^def create_note(payload: NoteCreate) -> NoteOut:$/", "language": "Python", "typeref": "typename:NoteOut", "kind": "function", "signature": "(payload: NoteCreate)"}, {"_type": "tag", "name": "delete_note", "path": "/home/kavia/workspace/code-generation/simple-notes-app-216695-216705/notes_backend/src/api/main.py", "pattern": "/^def delete_note(note_id: int) -> Response:$/", "language": "Python", "typeref": "typename:Response", "kind": "function", "signature": "(note_id: int)"}, {"_type": "tag", "name": "get_note", "path": "/home/kavia/workspace/code-generation/simple-notes-app-216695-216705/notes_backend/src/api/main.py", "pattern": "/^def get_note(note_id: int) -> NoteOut:$/", "language": "Python", "typeref": "typename:NoteOut", "kind": "function", "signature": "(note_id: int)"}, {"_type": "tag", "name": "health_check", "path": "/home/kavia/workspace/code-generation/simple-notes-app-216695-216705/notes_backend/src/api/main.py", "pattern": "/^def health_check():$/", "language": "Python", "kind": "function", "signature": "()"}, {"_type": "tag", "name": "list_notes", "path": "/home/kavia/workspace/code-generation/simple-notes-app-216695-216705/notes_backend/src/api/main.py", "pattern": "/^def list_notes() -> List[NoteOut]:$/", "language": "Python", "typeref": "typename:List[NoteOut]", "kind": "function", "signature": "()"}, {"_type": "tag", "name": "openapi_tags", "path": "/home/kavia/workspace/code-generation/simple-notes-app-216695-216705/notes_backend/src/api/main.py", "pattern": "/^openapi_tags = [$/", "language": "Python", "kind": "variable"}, {"_type": "tag", "name": "update_note", "path": "/home/kavia/workspace/code-generation/simple-notes-app-216695-216705/notes_backend/src/api/main.py", "pattern": "/^def update_note(note_id: int, payload: NoteUpdate) -> NoteOut:$/", "language": "Python", "typeref": "typename:NoteOut", "kind": "function", "signature": "(note_id: int, payload: NoteUpdate)"}], "hash": "35cf8d34730963dde16b411131d7ca93", "format-version": 4, "code-base-name": "notes_backend", "filename": "notes_backend/src/api/main.py", "fields": [{"name": "app = FastAPI(", "scope": "", "scopeKind": "", "description": "unavailable"}, {"name": "openapi_tags = [", "scope": "", "scopeKind": "", "description": "unavailable"}]}