{"is_source_file": true, "format": "Python", "description": "A script that generates and saves the OpenAPI schema for the application, writing it to a JSON file.", "external_files": ["src/api/main.py"], "external_methods": ["app.openapi()"], "published": [], "classes": [], "methods": [{"name": "main", "description": "Main script logic that retrieves the OpenAPI schema and writes it to a file."}], "calls": ["app.openapi()", "os.makedirs()", "os.path.join()", "json.dump()", "open()"], "search-terms": ["generate_openapi", "openapi_schema", "write openapi.json", "src.api.main", "openapi_schema"], "state": 2, "file_id": 3, "knowledge_revision": 9, "git_revision": "92cf9f078fb26789d80c4be2d442dd96ba802e12", "ctags": [{"_type": "tag", "name": "openapi_schema", "path": "/home/kavia/workspace/code-generation/simple-notes-app-216695-216705/notes_backend/src/api/generate_openapi.py", "pattern": "/^openapi_schema = app.openapi()$/", "language": "Python", "kind": "variable"}, {"_type": "tag", "name": "output_dir", "path": "/home/kavia/workspace/code-generation/simple-notes-app-216695-216705/notes_backend/src/api/generate_openapi.py", "pattern": "/^output_dir = \"interfaces\"$/", "language": "Python", "kind": "variable"}, {"_type": "tag", "name": "output_path", "path": "/home/kavia/workspace/code-generation/simple-notes-app-216695-216705/notes_backend/src/api/generate_openapi.py", "pattern": "/^output_path = os.path.join(output_dir, \"openapi.json\")$/", "language": "Python", "kind": "variable"}], "hash": "61e3715e79bc397fab3e70f503a41417", "format-version": 4, "code-base-name": "notes_backend", "filename": "notes_backend/src/api/generate_openapi.py", "fields": [{"name": "openapi_schema = app.openapi()", "scope": "", "scopeKind": "", "description": "unavailable"}, {"name": "output_dir = \"interfaces\"", "scope": "", "scopeKind": "", "description": "unavailable"}, {"name": "output_path = os.path.join(output_dir, \"openapi.json\")", "scope": "", "scopeKind": "", "description": "unavailable"}], "revision_history": [{"9": "92cf9f078fb26789d80c4be2d442dd96ba802e12"}]}