{"is_source_file": true, "format": "Python", "description": "This file defines Pydantic models for the Notes API, including data schemas for creating, updating, and outputting notes.", "external_files": ["pydantic"], "external_methods": [], "published": ["NoteBase", "NoteCreate", "NoteUpdate", "NoteOut"], "classes": [{"name": "NoteBase", "description": "Shared fields for note data, used as a base class."}, {"name": "NoteCreate", "description": "Model for creating a new note, inherits from NoteBase."}, {"name": "NoteUpdate", "description": "Model for updating a note with optional fields."}, {"name": "NoteOut", "description": "Model for representing a persisted note with metadata like timestamps and id."}], "methods": [], "calls": [], "search-terms": ["Pydantic models", "Notes API", "note schemas", "NoteCreate", "NoteUpdate", "NoteOut"], "state": 2, "file_id": 6, "knowledge_revision": 13, "git_revision": "", "ctags": [{"_type": "tag", "name": "NoteBase", "path": "/home/kavia/workspace/code-generation/simple-notes-app-216695-216705/notes_backend/src/api/models.py", "pattern": "/^class NoteBase(BaseModel):$/", "language": "Python", "kind": "class"}, {"_type": "tag", "name": "NoteCreate", "path": "/home/kavia/workspace/code-generation/simple-notes-app-216695-216705/notes_backend/src/api/models.py", "pattern": "/^class NoteCreate(NoteBase):$/", "language": "Python", "kind": "class"}, {"_type": "tag", "name": "NoteOut", "path": "/home/kavia/workspace/code-generation/simple-notes-app-216695-216705/notes_backend/src/api/models.py", "pattern": "/^class NoteOut(NoteBase):$/", "language": "Python", "kind": "class"}, {"_type": "tag", "name": "NoteUpdate", "path": "/home/kavia/workspace/code-generation/simple-notes-app-216695-216705/notes_backend/src/api/models.py", "pattern": "/^class NoteUpdate(BaseModel):$/", "language": "Python", "kind": "class"}, {"_type": "tag", "name": "content", "path": "/home/kavia/workspace/code-generation/simple-notes-app-216695-216705/notes_backend/src/api/models.py", "pattern": "/^    content: Optional[str] = Field(None, min_length=1, description=\"Note content\\/body\")$/", "language": "Python", "typeref": "typename:Optional[str]", "kind": "variable", "scope": "NoteUpdate", "scopeKind": "class"}, {"_type": "tag", "name": "content", "path": "/home/kavia/workspace/code-generation/simple-notes-app-216695-216705/notes_backend/src/api/models.py", "pattern": "/^    content: str = Field(..., min_length=1, description=\"Note content\\/body\")$/", "language": "Python", "typeref": "typename:str", "kind": "variable", "scope": "NoteBase", "scopeKind": "class"}, {"_type": "tag", "name": "created_at", "path": "/home/kavia/workspace/code-generation/simple-notes-app-216695-216705/notes_backend/src/api/models.py", "pattern": "/^    created_at: datetime = Field(..., description=\"Creation timestamp (UTC\\/local as stored by S/", "language": "Python", "typeref": "typename:datetime", "kind": "variable", "scope": "NoteOut", "scopeKind": "class"}, {"_type": "tag", "name": "id", "path": "/home/kavia/workspace/code-generation/simple-notes-app-216695-216705/notes_backend/src/api/models.py", "pattern": "/^    id: int = Field(..., description=\"Note id\")$/", "language": "Python", "typeref": "typename:int", "kind": "variable", "scope": "NoteOut", "scopeKind": "class"}, {"_type": "tag", "name": "model_config", "path": "/home/kavia/workspace/code-generation/simple-notes-app-216695-216705/notes_backend/src/api/models.py", "pattern": "/^    model_config = {\"from_attributes\": True}$/", "language": "Python", "kind": "variable", "scope": "NoteOut", "scopeKind": "class"}, {"_type": "tag", "name": "title", "path": "/home/kavia/workspace/code-generation/simple-notes-app-216695-216705/notes_backend/src/api/models.py", "pattern": "/^    title: Optional[str] = Field(None, min_length=1, max_length=200, description=\"Note title\")$/", "language": "Python", "typeref": "typename:Optional[str]", "kind": "variable", "scope": "NoteUpdate", "scopeKind": "class"}, {"_type": "tag", "name": "title", "path": "/home/kavia/workspace/code-generation/simple-notes-app-216695-216705/notes_backend/src/api/models.py", "pattern": "/^    title: str = Field(..., min_length=1, max_length=200, description=\"Note title\")$/", "language": "Python", "typeref": "typename:str", "kind": "variable", "scope": "NoteBase", "scopeKind": "class"}, {"_type": "tag", "name": "updated_at", "path": "/home/kavia/workspace/code-generation/simple-notes-app-216695-216705/notes_backend/src/api/models.py", "pattern": "/^    updated_at: datetime = Field(..., description=\"Last update timestamp (UTC\\/local as stored b/", "language": "Python", "typeref": "typename:datetime", "kind": "variable", "scope": "NoteOut", "scopeKind": "class"}], "hash": "6ad58f9571aefb25927eb5cb2fddde59", "format-version": 4, "code-base-name": "notes_backend", "filename": "notes_backend/src/api/models.py", "fields": [{"name": "Optional[str] content", "scope": "NoteUpdate", "scopeKind": "class", "description": "unavailable"}, {"name": "str content", "scope": "NoteBase", "scopeKind": "class", "description": "unavailable"}, {"name": "datetime created_at", "scope": "NoteOut", "scopeKind": "class", "description": "unavailable"}, {"name": "int id", "scope": "NoteOut", "scopeKind": "class", "description": "unavailable"}, {"name": "model_config = {\"from_attributes\": True}", "scope": "NoteOut", "scopeKind": "class", "description": "unavailable"}, {"name": "Optional[str] title", "scope": "NoteUpdate", "scopeKind": "class", "description": "unavailable"}, {"name": "str title", "scope": "NoteBase", "scopeKind": "class", "description": "unavailable"}, {"name": "datetime updated_at", "scope": "NoteOut", "scopeKind": "class", "description": "unavailable"}], "revision_history": [{"13": ""}]}