{"is_source_file": true, "format": "Python", "description": "Main FastAPI application file for the simple notes backend. Defines API endpoints for health checks and CRUD operations on notes, sets up middleware, and initializes the database.", "external_files": ["src.api.db", "src.api.models"], "external_methods": ["fetch_one_note", "get_connection", "init_db"], "published": ["app"], "classes": [], "methods": [{"name": "health_check()", "description": "Returns a basic health response indicating the service is healthy.", "scope": "", "scopeKind": ""}, {"name": "NoteOut create_note(payload: NoteCreate)", "description": "Creates a new note with provided title and content.", "scope": "", "scopeKind": ""}, {"name": "List[NoteOut] list_notes()", "description": "Returns all notes ordered by most recent update.", "scope": "", "scopeKind": ""}, {"name": "NoteOut get_note(note_id: int)", "description": "Retrieves a single note by its ID.", "scope": "", "scopeKind": ""}, {"name": "NoteOut update_note(note_id: int, payload: NoteUpdate)", "description": "Updates an existing note identified by ID with new data.", "scope": "", "scopeKind": ""}, {"name": "Response delete_note(note_id: int)", "description": "Deletes a note by its ID.", "scope": "", "scopeKind": ""}], "calls": ["get_connection", "fetch_one_note", "init_db"], "search-terms": ["FastAPI main app", "Notes CRUD API", "SQLite backend", "api routes", "CORS middleware"], "state": 2, "file_id": 4, "knowledge_revision": 15, "git_revision": "e9a7e0c138e37fb137c71b142573f29b277b18e0", "revision_history": [{"8": "92cf9f078fb26789d80c4be2d442dd96ba802e12"}, {"14": "92cf9f078fb26789d80c4be2d442dd96ba802e12"}, {"15": "e9a7e0c138e37fb137c71b142573f29b277b18e0"}], "ctags": [{"_type": "tag", "name": "app", "path": "/home/kavia/workspace/code-generation/simple-notes-app-216695-216705/notes_backend/src/api/main.py", "pattern": "/^app = FastAPI($/", "language": "Python", "kind": "variable"}, {"_type": "tag", "name": "create_note", "path": "/home/kavia/workspace/code-generation/simple-notes-app-216695-216705/notes_backend/src/api/main.py", "pattern": "/^def create_note(payload: NoteCreate) -> NoteOut:$/", "language": "Python", "typeref": "typename:NoteOut", "kind": "function", "signature": "(payload: NoteCreate)"}, {"_type": "tag", "name": "delete_note", "path": "/home/kavia/workspace/code-generation/simple-notes-app-216695-216705/notes_backend/src/api/main.py", "pattern": "/^def delete_note(note_id: int) -> Response:$/", "language": "Python", "typeref": "typename:Response", "kind": "function", "signature": "(note_id: int)"}, {"_type": "tag", "name": "get_note", "path": "/home/kavia/workspace/code-generation/simple-notes-app-216695-216705/notes_backend/src/api/main.py", "pattern": "/^def get_note(note_id: int) -> NoteOut:$/", "language": "Python", "typeref": "typename:NoteOut", "kind": "function", "signature": "(note_id: int)"}, {"_type": "tag", "name": "health_check", "path": "/home/kavia/workspace/code-generation/simple-notes-app-216695-216705/notes_backend/src/api/main.py", "pattern": "/^def health_check():$/", "language": "Python", "kind": "function", "signature": "()"}, {"_type": "tag", "name": "list_notes", "path": "/home/kavia/workspace/code-generation/simple-notes-app-216695-216705/notes_backend/src/api/main.py", "pattern": "/^def list_notes() -> List[NoteOut]:$/", "language": "Python", "typeref": "typename:List[NoteOut]", "kind": "function", "signature": "()"}, {"_type": "tag", "name": "openapi_tags", "path": "/home/kavia/workspace/code-generation/simple-notes-app-216695-216705/notes_backend/src/api/main.py", "pattern": "/^openapi_tags = [$/", "language": "Python", "kind": "variable"}, {"_type": "tag", "name": "update_note", "path": "/home/kavia/workspace/code-generation/simple-notes-app-216695-216705/notes_backend/src/api/main.py", "pattern": "/^def update_note(note_id: int, payload: NoteUpdate) -> NoteOut:$/", "language": "Python", "typeref": "typename:NoteOut", "kind": "function", "signature": "(note_id: int, payload: NoteUpdate)"}], "hash": "bfe3def5f984484bcb34e9b183df4143", "format-version": 4, "code-base-name": "notes_backend", "filename": "notes_backend/src/api/main.py", "fields": [{"name": "app = FastAPI(", "scope": "", "scopeKind": "", "description": "unavailable"}, {"name": "openapi_tags = [", "scope": "", "scopeKind": "", "description": "unavailable"}]}